Model,Accuracy,Precision,Recall,F1-Score,ROC-AUC
Logistic Regression,0.7501774308019872,0.5581395348837209,0.25806451612903225,0.35294117647058826,0.738443711699381
Decision Tree,0.7345635202271115,0.4868421052631579,0.09946236559139784,0.16517857142857142,0.704617330803289
Random Forest,0.7437899219304471,0.5873015873015873,0.09946236559139784,0.17011494252873563,0.7253528063790297
Gradient Boosting,0.7437899219304471,0.5329341317365269,0.239247311827957,0.3302411873840445,0.7291504650511712
